Order,Type,Mean,Std,Min,Max,SNR
0,0,4604.8076,15.249921,4577.994,4630.7373,301.95618
1,0,4642.5435,15.3766575,4615.5073,4668.689,301.9215
2,0,4680.9033,15.50534,4653.6406,4707.2676,301.88977
3,0,4719.903,15.636009,4692.41,4746.4893,301.86108
4,0,4759.5576,15.76873,4731.8315,4786.37,301.83517
5,0,4799.885,15.903551,4771.9214,4826.9263,301.81213
6,0,4840.9014,16.040533,4812.6973,4868.176,301.7918
7,0,4882.625,16.179722,4854.176,4910.136,301.77435
8,0,4925.0737,16.321205,4896.3765,4952.826,301.7592
9,0,4968.268,16.465017,4939.3174,4996.2646,301.74692
10,0,5012.227,16.611246,4983.019,5040.472,301.73697
11,0,5056.9707,16.759947,5027.501,5085.4688,301.72952
12,0,5102.5205,16.911196,5072.7847,5131.276,301.7244
13,0,5148.899,17.065065,5118.8926,5177.9155,301.72162
14,0,5196.128,17.22163,5165.846,5225.411,301.72104
15,0,5244.232,17.380974,5213.67,5273.786,301.72256
16,0,5293.235,17.543163,5262.3877,5323.065,301.72635
17,0,5343.163,17.7083,5312.025,5373.274,301.73215
18,0,5394.041,17.876457,5362.608,5424.4385,301.73993
19,0,5445.899,18.04774,5414.164,5476.5874,301.7496
20,0,5498.7637,18.222237,5466.7217,5529.7485,301.76117
21,0,5552.6646,18.400047,5520.31,5583.952,301.77448
22,0,5607.6333,18.581266,5574.96,5639.2285,301.7896
23,0,5663.701,18.766005,5630.7026,5695.611,301.80646
24,0,5720.9014,18.954384,5687.5723,5753.132,301.8247
25,0,5779.27,19.146498,5745.6025,5811.8267,301.84476
26,0,5838.8413,19.342484,5804.8296,5871.732,301.86615
27,0,5899.654,19.542463,5865.2905,5932.885,301.88895
28,0,5961.7476,19.746567,5927.025,5995.325,301.91312
29,0,6025.162,19.954916,5990.0728,6059.094,301.93872
30,0,6089.9404,20.167667,6054.477,6124.2344,301.96555
31,0,6156.127,20.38497,6120.2812,6190.7905,301.99344
32,0,6223.7686,20.606974,6187.532,6258.8096,302.02243
33,0,6292.9126,20.83384,6256.278,6328.3403,302.05246
34,0,6363.6113,21.065731,6326.5684,6399.433,302.0836
35,0,6435.917,21.30283,6398.457,6472.1416,302.1156
36,0,6509.884,21.545319,6471.998,6546.5215,302.1484
37,0,6585.5713,21.79339,6547.2495,6622.6313,302.18204
38,0,6663.041,22.04725,6624.272,6700.532,302.2164
39,0,6742.3535,22.307104,6703.1284,6780.2876,302.2514
40,0,6823.5786,22.57317,6783.885,6861.965,302.28714
41,0,6906.784,22.845692,6866.6113,6945.634,302.32327
42,0,6992.0444,23.124903,6951.3804,7031.369,302.35995
43,0,7079.436,23.411064,7038.269,7119.2476,302.39703
44,0,7169.04,23.704449,7127.3574,7209.351,302.43436
45,0,7260.9424,24.00533,7218.73,7301.7646,302.4721
46,0,7355.2314,24.314001,7312.476,7396.5786,302.51013
47,0,7452.0015,24.63079,7408.6895,7493.888,302.54822
48,0,7551.3525,24.95602,7507.4683,7593.792,302.5864
49,0,7653.3887,25.290041,7608.917,7696.3965,302.6246
50,0,7758.22,25.633217,7713.1455,7801.812,302.66275
51,0,7865.964,25.985931,7820.2686,7910.156,302.70087
52,0,7976.7427,26.348595,7930.4097,8021.5513,302.73883
53,0,8090.686,26.721642,8043.6978,8136.13,302.77652
54,0,8207.933,27.105532,8160.2695,8254.03,302.81393
55,0,8328.628,27.500748,8280.27,8375.397,302.85095
56,0,8452.926,27.907791,8403.853,8500.389,302.88766
57,0,8580.991,28.327217,8531.18,8629.167,302.92392
58,0,8712.997,28.759592,8662.426,8761.908,302.9597
0,1,239.55342,107.599106,-3.1383533,462.87503,2.2263515
1,1,252.24309,110.95231,5.6833696,491.46216,2.273437
2,1,262.3947,116.62459,5.930116,532.8169,2.249909
3,1,277.02844,121.12384,17.07938,584.0519,2.2871504
4,1,291.29428,120.20947,21.308573,560.8272,2.4232223
5,1,310.85953,127.67759,33.894196,588.69745,2.4347227
6,1,305.96097,137.79314,5.8849483,574.9323,2.2204368
7,1,306.16473,134.92384,22.062063,577.9426,2.269167
8,1,341.08478,133.83684,42.39795,611.78436,2.548512
9,1,361.51508,146.07724,58.5523,659.1758,2.4748213
10,1,364.1335,140.00711,28.687939,650.9005,2.6008215
11,1,391.73572,156.27458,60.773003,697.98254,2.5067143
12,1,409.43063,156.69305,43.98003,706.9018,2.612947
13,1,403.41882,164.66359,-8.9937105,729.9667,2.4499576
14,1,408.3446,164.20978,20.293161,742.3883,2.4867253
15,1,443.3675,173.4204,48.52237,766.4357,2.5566053
16,1,466.0879,177.02652,78.52447,800.37683,2.6328704
17,1,483.18457,173.15964,45.616615,805.4379,2.7903996
18,1,495.11398,178.94366,59.32824,846.9384,2.7668707
19,1,518.484,181.21419,84.2531,874.3587,2.8611667
20,1,534.1418,179.87048,70.185036,877.935,2.9695911
21,1,549.3962,183.21274,137.65733,868.19684,2.998679
22,1,554.25726,181.16415,142.05539,888.01337,3.05942
23,1,570.03827,179.12822,135.37009,903.1367,3.1822917
24,1,587.7304,179.91904,136.04305,912.8836,3.2666383
25,1,600.37604,179.74533,188.83415,918.1286,3.3401482
26,1,620.12164,187.19101,196.9299,942.05383,3.3127747
27,1,608.3455,175.52052,151.33105,915.91327,3.465951
28,1,631.76733,180.54175,208.19122,952.80457,3.4992867
29,1,638.61084,177.54485,218.65932,953.31433,3.5968988
30,1,649.32446,181.59375,156.61696,965.911,3.5756984
31,1,642.8809,177.62495,222.20029,994.065,3.6193166
32,1,657.97284,184.5375,184.8516,979.0444,3.5655236
33,1,645.57,172.74744,230.20625,970.96136,3.7370744
34,1,660.9991,171.58258,238.34076,994.49646,3.8523672
35,1,663.22327,177.40149,208.38524,986.5531,3.738544
36,1,665.03,170.91351,176.4718,1008.24115,3.8910325
37,1,634.5476,167.03134,161.26553,957.38904,3.7989733
38,1,677.4417,168.02583,265.20178,991.854,4.031771
39,1,672.3644,164.66176,268.98926,988.89496,4.0833063
40,1,662.7405,162.31618,229.83357,941.22705,4.0830216
41,1,594.21295,182.56433,38.2699,904.557,3.2548141
42,1,615.1559,150.51137,247.16171,904.4603,4.0871058
43,1,597.3573,141.14449,233.92899,873.49805,4.2322397
44,1,536.6866,151.60764,51.17423,806.2339,3.5399706
45,1,504.3814,133.51385,79.10211,758.6325,3.7777457
46,1,499.35696,119.12547,179.18213,782.61676,4.1918573
47,1,471.52563,110.89748,186.35382,676.6263,4.251906
48,1,439.19962,102.964645,61.456436,641.8466,4.265538
49,1,309.94226,128.25166,-36.29133,554.97186,2.4166725
50,1,362.60284,86.681145,122.416084,598.5552,4.1831803
51,1,344.71274,78.39967,128.2901,532.0143,4.3968644
52,1,311.8661,73.32975,98.36385,485.01465,4.2529273
53,1,285.3555,69.340515,46.194603,433.91992,4.1152782
54,1,235.42946,66.71889,-7.9525723,385.85965,3.528678
55,1,222.9345,60.16129,10.575523,394.23074,3.7056136
56,1,187.05243,47.381115,17.50217,343.48383,3.9478266
57,1,164.73903,44.43402,33.21275,287.49594,3.7074976
58,1,126.3636,46.897007,-2.178888,1175.9065,2.6944919
