1,48,cebdc7a2-d8af-45b3-b37f-80f328ff54d6,2023-08-27 02:07:36.252272+00,
2,61,cebdc7a2-d8af-45b3-b37f-80f328ff54d6,2023-08-27 10:59:56.41631+00,
3,50,cebdc7a2-d8af-45b3-b37f-80f328ff54d6,2023-08-27 11:26:37.840972+00,
4,51,e3344c5c-384f-4898-aea6-397c2ac1edf6,2023-08-27 11:27:23.221304+00,
5,61,e3344c5c-384f-4898-aea6-397c2ac1edf6,2023-08-29 02:47:04.420664+00,
6,49,cebdc7a2-d8af-45b3-b37f-80f328ff54d6,2023-08-29 06:28:51.173254+00,
7,58,83ec2c02-0ece-4be3-a714-9cd5ca5c10b2,2023-08-29 12:48:26.156061+00,
11,51,8b09080f-1306-4ca7-b3b4-b284f047669e,2023-09-08 04:57:03.78749+00,
12,47,8b09080f-1306-4ca7-b3b4-b284f047669e,2023-09-08 05:06:36.66111+00,
13,47,8b09080f-1306-4ca7-b3b4-b284f047669e,2023-09-08 05:06:38.730551+00,
14,50,8b09080f-1306-4ca7-b3b4-b284f047669e,2023-09-08 05:08:52.88084+00,
15,50,8b09080f-1306-4ca7-b3b4-b284f047669e,2023-09-08 05:08:54.924586+00,
16,62,de191534-352f-4136-bac5-391ff940ec09,2023-09-10 03:21:03.990312+00,
17,62,de191534-352f-4136-bac5-391ff940ec09,2023-09-10 03:22:25.544521+00,
18,59,de191534-352f-4136-bac5-391ff940ec09,2023-09-10 03:27:39.965437+00,
19,51,de191534-352f-4136-bac5-391ff940ec09,2023-09-10 03:39:10.444397+00,
20,50,de191534-352f-4136-bac5-391ff940ec09,2023-09-10 03:45:16.041115+00,
21,58,de191534-352f-4136-bac5-391ff940ec09,2023-09-10 05:29:48.633968+00,
22,47,de191534-352f-4136-bac5-391ff940ec09,2023-09-10 08:00:45.816795+00,
23,61,de191534-352f-4136-bac5-391ff940ec09,2023-09-10 08:04:09.999409+00,
24,48,cebdc7a2-d8af-45b3-b37f-80f328ff54d6,2023-09-12 05:56:03.469492+00,
25,51,e3344c5c-384f-4898-aea6-397c2ac1edf6,2023-09-14 12:17:33.456421+00,
26,50,e3344c5c-384f-4898-aea6-397c2ac1edf6,2023-09-14 12:19:31.886511+00,
27,47,e3344c5c-384f-4898-aea6-397c2ac1edf6,2023-09-14 12:24:18.235317+00,
28,51,e3344c5c-384f-4898-aea6-397c2ac1edf6,2023-09-19 09:03:02.043264+00,
29,50,e3344c5c-384f-4898-aea6-397c2ac1edf6,2023-09-19 09:03:10.746886+00,
30,47,e3344c5c-384f-4898-aea6-397c2ac1edf6,2023-09-19 09:03:18.07815+00,
31,62,cebdc7a2-d8af-45b3-b37f-80f328ff54d6,2023-09-27 04:10:10.396844+00,
32,62,cebdc7a2-d8af-45b3-b37f-80f328ff54d6,2023-09-27 04:13:24.649326+00,
33,62,cebdc7a2-d8af-45b3-b37f-80f328ff54d6,2023-09-27 04:13:32.760663+00,
34,62,cebdc7a2-d8af-45b3-b37f-80f328ff54d6,2023-09-27 04:17:39.960573+00,
35,62,cebdc7a2-d8af-45b3-b37f-80f328ff54d6,2023-09-27 04:18:51.533926+00,
36,62,cebdc7a2-d8af-45b3-b37f-80f328ff54d6,2023-09-27 04:19:03.092762+00,
37,62,cebdc7a2-d8af-45b3-b37f-80f328ff54d6,2023-09-27 04:21:29.699297+00,
38,59,cebdc7a2-d8af-45b3-b37f-80f328ff54d6,2023-09-27 04:22:01.379679+00,
39,59,cebdc7a2-d8af-45b3-b37f-80f328ff54d6,2023-09-27 04:25:39.151003+00,
40,51,56922ce7-dddb-441d-8656-3fc6e1f3867f,2023-09-27 08:33:53.535313+00,
41,50,56922ce7-dddb-441d-8656-3fc6e1f3867f,2023-09-27 08:34:36.601515+00,
42,47,56922ce7-dddb-441d-8656-3fc6e1f3867f,2023-09-27 08:35:52.393287+00,
43,64,e3344c5c-384f-4898-aea6-397c2ac1edf6,2023-09-27 13:59:20.078114+00,
44,49,e3344c5c-384f-4898-aea6-397c2ac1edf6,2023-09-27 14:00:53.544031+00,
45,65,cebdc7a2-d8af-45b3-b37f-80f328ff54d6,2023-09-28 13:21:45.39828+00,
46,64,cebdc7a2-d8af-45b3-b37f-80f328ff54d6,2023-11-26 08:55:44.367785+00,
